Feature,Chi-Square,P-Value,Cramers V
Time_of_day,53.79038117602267,8.131179854533714e-10,0.044050765908009895
Types_of_Junction,54.074638895236916,1.247409989761098e-06,0.04187425201568253
Light_conditions,45.02454165025013,4.6279540659702016e-08,0.039806282866962674
Day_of_week,47.202249012325716,4.300318794119764e-06,0.03780633905825476
Weather_conditions,41.751989160057434,0.00042962619787108736,0.03233552117214291
Road_surface_type,11.00810982029614,0.20124010840608184,0.011128565114612562
Type_of_collision,21.0046270312522,0.2791796727119025,0.011112821909261952
Road_surface_conditions,5.720857760632065,0.4551747454425168,0.0
Road_allignment,12.990697277965666,0.6734378459141934,0.0
