Original Feature,Mean Macro F1 Decrease,Std. Deviation
Number_of_vehicles_involved,0.05677075709272926,0.009560830766678281
Day_of_week,0.026134884546969883,0.014238806402366255
Types_of_Junction,0.02371553182055869,0.011506630163914705
Hour,0.020631754971346596,0.008921187988683311
Age_band_of_driver,0.01764980675269432,0.008729514574166378
Time_of_day,0.011808321348922346,0.008280585336126632
Educational_level,0.010057697892797845,0.007289222751226895
Type_of_collision,0.00349828471041701,0.0033810690549830073
Weather_conditions,0.0018427031895419167,0.0036220539603171085
Pedestrian_movement,0.0007653232967588907,0.001183028110805815
Road_surface_type,0.00033952387983775533,0.0006150164728682849
Owner_of_vehicle,0.0003356210667286419,0.000809861233651829
Defect_of_vehicle,0.0,0.0
Type_of_vehicle,-4.803417472687421e-06,0.004102649324591722
Sex_of_driver,-0.00043494274286038915,0.0005452990562816773
Vehicle_driver_relation,-0.0011884598474324992,0.0017517529477367884
Vehicle_movement,-0.001908027683822111,0.0019038720113706271
Lanes_or_Medians,-0.002565246876742433,0.009270654161967639
Service_year_of_vehicle,-0.0035020244285861924,0.0046971247943922495
Road_surface_conditions,-0.004213446870249171,0.003610991230157387
Light_conditions,-0.005467041093195057,0.008260899363317056
Road_allignment,-0.006805204754607263,0.003966631652887734
Area_accident_occured,-0.012111850447694573,0.005982445948403708
Driving_experience,-0.014317227051738967,0.006782731533193139
