Condition,Group,Records,Serious Cases,Fatal Cases,Accuracy,Macro F1,Serious Recall,Fatal Recall,Adequate Group Size,Serious Recall Stable Enough to Discuss,Fatal Recall Stable Enough to Discuss
Lighting,Daylight,1729,233,16,0.7912087912087912,0.41727431970343115,0.24034334763948498,0.125,True,True,True
Lighting,Darkness - lights lit,692,103,15,0.7846820809248555,0.4272256241168158,0.32038834951456313,0.06666666666666667,True,True,True
Lighting,Darkness - no lighting,35,11,0,0.8285714285714286,0.517094017094017,0.5454545454545454,,True,True,False
Lighting,Darkness - lights unlit,8,2,0,0.625,0.2564102564102564,0.0,,False,False,False
Road Surface,Dry,1833,266,21,0.7866884888161484,0.41344857648158334,0.2631578947368421,0.09523809523809523,True,True,True
Road Surface,Wet or damp,616,82,10,0.7938311688311688,0.4382130976142952,0.3048780487804878,0.1,True,True,True
Road Surface,Snow,14,1,0,0.9285714285714286,0.3209876543209877,0.0,,False,False,False
Road Surface,Flood over 3cm. deep,1,0,0,1.0,0.3333333333333333,,,False,False,False
Weather,Normal,1973,292,23,0.7830714647744551,0.41359408060878255,0.273972602739726,0.08695652173913043,True,True,True
Weather,Raining,293,32,8,0.7986348122866894,0.4243564654523559,0.1875,0.125,True,True,True
Weather,Unknown,62,11,0,0.8870967741935484,0.5329018338727076,0.6363636363636364,,True,True,False
Weather,Other,52,6,0,0.8269230769230769,0.36168132942326486,0.16666666666666666,,True,True,False
Weather,Cloudy,30,2,0,0.8333333333333334,0.30303030303030304,0.0,,True,False,False
Weather,Windy,24,2,0,0.7083333333333334,0.2833333333333333,0.0,,False,False,False
Weather,Snow,15,3,0,0.8666666666666667,0.4743589743589743,0.3333333333333333,,False,False,False
Weather,Raining and Windy,14,1,0,0.8571428571428571,0.3076923076923077,0.0,,False,False,False
Weather,Fog or mist,1,0,0,1.0,0.3333333333333333,,,False,False,False
