Model,Candidate,CV Macro F1,CV Macro F1 SD,Parameters
Logistic Regression | Unbalanced,1,0.30545014640847606,3.562494947199762e-05,"{'solver': 'lbfgs', 'C': 0.01}"
Logistic Regression | Unbalanced,2,0.30640952047602554,0.001925932063015361,"{'solver': 'lbfgs', 'C': 0.1}"
Logistic Regression | Unbalanced,3,0.3078221141113253,0.002192734802741994,"{'solver': 'lbfgs', 'C': 1.0}"
Logistic Regression | Unbalanced,4,0.30771957148152873,0.0021268800309800144,"{'solver': 'lbfgs', 'C': 10.0}"
Logistic Regression | Unbalanced,5,0.30771316744916033,0.002119253437646205,"{'solver': 'lbfgs', 'C': 100.0}"
Logistic Regression | Balanced,1,0.303292845737086,0.008596390675422097,"{'solver': 'lbfgs', 'C': 0.01}"
Logistic Regression | Balanced,2,0.3032484415386223,0.006072096467449964,"{'solver': 'lbfgs', 'C': 0.1}"
Logistic Regression | Balanced,3,0.3008226594482003,0.007959320304898765,"{'solver': 'lbfgs', 'C': 1.0}"
Logistic Regression | Balanced,4,0.3019976437905869,0.007633430017648309,"{'solver': 'lbfgs', 'C': 10.0}"
Logistic Regression | Balanced,5,0.30216657385676055,0.0075538955847366035,"{'solver': 'lbfgs', 'C': 100.0}"
Decision Tree | Unbalanced,1,0.333891064539808,0.009185688966134992,"{'min_samples_split': 10, 'min_samples_leaf': 10, 'max_depth': 8}"
Decision Tree | Unbalanced,2,0.3221844546739415,0.007551498842414176,"{'min_samples_split': 2, 'min_samples_leaf': 1, 'max_depth': 4}"
Decision Tree | Unbalanced,3,0.3329028425424238,0.008197754966778992,"{'min_samples_split': 10, 'min_samples_leaf': 2, 'max_depth': 8}"
Decision Tree | Unbalanced,4,0.333891064539808,0.009185688966134992,"{'min_samples_split': 20, 'min_samples_leaf': 10, 'max_depth': 8}"
Decision Tree | Unbalanced,5,0.3354139138528181,0.008572429090377235,"{'min_samples_split': 10, 'min_samples_leaf': 1, 'max_depth': 8}"
Decision Tree | Unbalanced,6,0.333891064539808,0.009185688966134992,"{'min_samples_split': 2, 'min_samples_leaf': 10, 'max_depth': 8}"
Decision Tree | Unbalanced,7,0.32185262133929615,0.006062255472540632,"{'min_samples_split': 10, 'min_samples_leaf': 5, 'max_depth': 4}"
Decision Tree | Unbalanced,8,0.37876241771267327,0.010367133160919556,"{'min_samples_split': 10, 'min_samples_leaf': 2, 'max_depth': None}"
Decision Tree | Unbalanced,9,0.3222910281425049,0.00750496897951918,"{'min_samples_split': 2, 'min_samples_leaf': 2, 'max_depth': 4}"
Decision Tree | Unbalanced,10,0.3189398661518858,0.006832486009221788,"{'min_samples_split': 2, 'min_samples_leaf': 10, 'max_depth': 4}"
Decision Tree | Balanced,1,0.31535054482549285,0.06058585792496018,"{'min_samples_split': 10, 'min_samples_leaf': 10, 'max_depth': 8}"
Decision Tree | Balanced,2,0.2594229090976749,0.07783118776310038,"{'min_samples_split': 2, 'min_samples_leaf': 1, 'max_depth': 4}"
Decision Tree | Balanced,3,0.31760629165392046,0.0569737855764903,"{'min_samples_split': 10, 'min_samples_leaf': 2, 'max_depth': 8}"
Decision Tree | Balanced,4,0.31535054482549285,0.06058585792496018,"{'min_samples_split': 20, 'min_samples_leaf': 10, 'max_depth': 8}"
Decision Tree | Balanced,5,0.318927100047488,0.056910853610047815,"{'min_samples_split': 10, 'min_samples_leaf': 1, 'max_depth': 8}"
Decision Tree | Balanced,6,0.31535054482549285,0.06058585792496018,"{'min_samples_split': 2, 'min_samples_leaf': 10, 'max_depth': 8}"
Decision Tree | Balanced,7,0.2592558438299088,0.0779635827767628,"{'min_samples_split': 10, 'min_samples_leaf': 5, 'max_depth': 4}"
Decision Tree | Balanced,8,0.3594784665574708,0.006607497877414004,"{'min_samples_split': 10, 'min_samples_leaf': 2, 'max_depth': None}"
Decision Tree | Balanced,9,0.259503708605744,0.07776112203200929,"{'min_samples_split': 2, 'min_samples_leaf': 2, 'max_depth': 4}"
Decision Tree | Balanced,10,0.25849235539635973,0.07677589768455924,"{'min_samples_split': 2, 'min_samples_leaf': 10, 'max_depth': 4}"
Random Forest | Unbalanced,1,0.30545014640847606,3.562494947199762e-05,"{'n_estimators': 200, 'min_samples_leaf': 2, 'max_features': 'sqrt', 'max_depth': 8}"
Random Forest | Unbalanced,2,0.30545014640847606,3.562494947199762e-05,"{'n_estimators': 300, 'min_samples_leaf': 5, 'max_features': 'sqrt', 'max_depth': None}"
Random Forest | Unbalanced,3,0.3064361317506069,0.0011848170484558213,"{'n_estimators': 100, 'min_samples_leaf': 1, 'max_features': 'sqrt', 'max_depth': 12}"
Random Forest | Unbalanced,4,0.30545014640847606,3.562494947199762e-05,"{'n_estimators': 100, 'min_samples_leaf': 1, 'max_features': 'sqrt', 'max_depth': 8}"
Random Forest | Unbalanced,5,0.3289236042636905,0.006706923017631282,"{'n_estimators': 200, 'min_samples_leaf': 1, 'max_features': 0.75, 'max_depth': 12}"
Random Forest | Unbalanced,6,0.33192817466183366,0.007696728797328258,"{'n_estimators': 300, 'min_samples_leaf': 2, 'max_features': 0.75, 'max_depth': 20}"
Random Forest | Unbalanced,7,0.32333686659543376,0.005823622841313303,"{'n_estimators': 200, 'min_samples_leaf': 1, 'max_features': 0.75, 'max_depth': 8}"
Random Forest | Unbalanced,8,0.32514461765328706,0.004567793890078067,"{'n_estimators': 200, 'min_samples_leaf': 5, 'max_features': 0.75, 'max_depth': 12}"
Random Forest | Unbalanced,9,0.32474098850646393,0.004733663093453444,"{'n_estimators': 100, 'min_samples_leaf': 2, 'max_features': 0.75, 'max_depth': 8}"
Random Forest | Unbalanced,10,0.3146809879119033,0.0037930044503656267,"{'n_estimators': 100, 'min_samples_leaf': 1, 'max_features': 'sqrt', 'max_depth': None}"
Random Forest | Balanced,1,0.41641787241807177,0.015105546290011063,"{'n_estimators': 200, 'min_samples_leaf': 2, 'max_features': 'sqrt', 'max_depth': 8}"
Random Forest | Balanced,2,0.3735957013821985,0.016683030984113334,"{'n_estimators': 300, 'min_samples_leaf': 5, 'max_features': 'sqrt', 'max_depth': None}"
Random Forest | Balanced,3,0.3693082805513794,0.013446347374129381,"{'n_estimators': 100, 'min_samples_leaf': 1, 'max_features': 'sqrt', 'max_depth': 12}"
Random Forest | Balanced,4,0.41114226805657716,0.013899649566625014,"{'n_estimators': 100, 'min_samples_leaf': 1, 'max_features': 'sqrt', 'max_depth': 8}"
Random Forest | Balanced,5,0.3934098729205007,0.017347157693682475,"{'n_estimators': 200, 'min_samples_leaf': 1, 'max_features': 0.75, 'max_depth': 12}"
Random Forest | Balanced,6,0.34176123971692335,0.01573906378603821,"{'n_estimators': 300, 'min_samples_leaf': 2, 'max_features': 0.75, 'max_depth': 20}"
Random Forest | Balanced,7,0.4294680754087091,0.009464689803036101,"{'n_estimators': 200, 'min_samples_leaf': 1, 'max_features': 0.75, 'max_depth': 8}"
Random Forest | Balanced,8,0.4292684228564213,0.03918362142993302,"{'n_estimators': 200, 'min_samples_leaf': 5, 'max_features': 0.75, 'max_depth': 12}"
Random Forest | Balanced,9,0.420683663465399,0.007148942937707189,"{'n_estimators': 100, 'min_samples_leaf': 2, 'max_features': 0.75, 'max_depth': 8}"
Random Forest | Balanced,10,0.31303184184207955,0.011616683231199378,"{'n_estimators': 100, 'min_samples_leaf': 1, 'max_features': 'sqrt', 'max_depth': None}"
XGBoost | Unbalanced,1,0.32498825829929723,0.007514066257543077,"{'subsample': 1.0, 'n_estimators': 350, 'max_depth': 3, 'learning_rate': 0.05, 'colsample_bytree': 1.0}"
XGBoost | Unbalanced,2,0.326884715123154,0.004804459423167608,"{'subsample': 0.8, 'n_estimators': 350, 'max_depth': 5, 'learning_rate': 0.03, 'colsample_bytree': 0.8}"
XGBoost | Unbalanced,3,0.32189632151882375,0.007017743410273114,"{'subsample': 0.8, 'n_estimators': 350, 'max_depth': 3, 'learning_rate': 0.03, 'colsample_bytree': 0.8}"
XGBoost | Unbalanced,4,0.33208371326389863,0.004614124752574251,"{'subsample': 1.0, 'n_estimators': 350, 'max_depth': 5, 'learning_rate': 0.05, 'colsample_bytree': 1.0}"
XGBoost | Unbalanced,5,0.3283745152533427,0.005215748470337621,"{'subsample': 0.8, 'n_estimators': 250, 'max_depth': 5, 'learning_rate': 0.03, 'colsample_bytree': 1.0}"
XGBoost | Unbalanced,6,0.33293983015615203,0.007315968379307493,"{'subsample': 1.0, 'n_estimators': 150, 'max_depth': 7, 'learning_rate': 0.03, 'colsample_bytree': 1.0}"
XGBoost | Unbalanced,7,0.3304390178048343,0.005336904792688464,"{'subsample': 0.8, 'n_estimators': 150, 'max_depth': 7, 'learning_rate': 0.05, 'colsample_bytree': 0.8}"
XGBoost | Unbalanced,8,0.3350534477751844,0.006839045053149487,"{'subsample': 1.0, 'n_estimators': 250, 'max_depth': 5, 'learning_rate': 0.1, 'colsample_bytree': 0.8}"
XGBoost | Unbalanced,9,0.3304492877927207,0.0086323123891737,"{'subsample': 1.0, 'n_estimators': 350, 'max_depth': 3, 'learning_rate': 0.1, 'colsample_bytree': 1.0}"
XGBoost | Unbalanced,10,0.32736141927763535,0.003405137030134954,"{'subsample': 1.0, 'n_estimators': 350, 'max_depth': 5, 'learning_rate': 0.03, 'colsample_bytree': 0.8}"
XGBoost | Balanced,1,0.3511118351586258,0.006018264936255517,"{'subsample': 1.0, 'n_estimators': 350, 'max_depth': 3, 'learning_rate': 0.05, 'colsample_bytree': 1.0}"
XGBoost | Balanced,2,0.3981274007511663,0.01256139613457694,"{'subsample': 0.8, 'n_estimators': 350, 'max_depth': 5, 'learning_rate': 0.03, 'colsample_bytree': 0.8}"
XGBoost | Balanced,3,0.3577623427432822,0.0052656074745196365,"{'subsample': 0.8, 'n_estimators': 350, 'max_depth': 3, 'learning_rate': 0.03, 'colsample_bytree': 0.8}"
XGBoost | Balanced,4,0.3914581249689494,0.013582832839412598,"{'subsample': 1.0, 'n_estimators': 350, 'max_depth': 5, 'learning_rate': 0.05, 'colsample_bytree': 1.0}"
XGBoost | Balanced,5,0.3954110556659086,0.009181587962836744,"{'subsample': 0.8, 'n_estimators': 250, 'max_depth': 5, 'learning_rate': 0.03, 'colsample_bytree': 1.0}"
XGBoost | Balanced,6,0.39526738708663256,0.008234110691624445,"{'subsample': 1.0, 'n_estimators': 150, 'max_depth': 7, 'learning_rate': 0.03, 'colsample_bytree': 1.0}"
XGBoost | Balanced,7,0.4236006346334043,0.015202246089006045,"{'subsample': 0.8, 'n_estimators': 150, 'max_depth': 7, 'learning_rate': 0.05, 'colsample_bytree': 0.8}"
XGBoost | Balanced,8,0.40235249652589716,0.010313713919355334,"{'subsample': 1.0, 'n_estimators': 250, 'max_depth': 5, 'learning_rate': 0.1, 'colsample_bytree': 0.8}"
XGBoost | Balanced,9,0.3624791911679697,0.0028768412335449392,"{'subsample': 1.0, 'n_estimators': 350, 'max_depth': 3, 'learning_rate': 0.1, 'colsample_bytree': 1.0}"
XGBoost | Balanced,10,0.3874538397907116,0.015829238714530878,"{'subsample': 1.0, 'n_estimators': 350, 'max_depth': 5, 'learning_rate': 0.03, 'colsample_bytree': 0.8}"
