feature,coefficient,odds_ratio
MonthlyCharges,10.368503039638199,31840.77689528533
MonthlyCharges_log,4.160193096728517,64.08389579591518
TotalCharges,2.5314876826859383,12.572195668995427
tenure,0.7602339665448575,2.138776564125632
InternetService_No,0.44578833264013357,1.56172086621373
OnlineSecurity_No internet service,0.44578833264013357,1.56172086621373
StreamingMovies_No internet service,0.44578833264013357,1.56172086621373
StreamingTV_No internet service,0.44578833264013357,1.56172086621373
TechSupport_No internet service,0.44578833264013357,1.56172086621373
DeviceProtection_No internet service,0.44578833264013357,1.56172086621373
OnlineBackup_No internet service,0.44578833264013357,1.56172086621373
MultipleLines_No phone service,0.3205432511086444,1.3778760937676702
PaperlessBilling_Yes,0.21187941580685157,1.2359988341699415
PaymentMethod_Electronic Check,0.04108813168069111,1.0419439297688249
SeniorCitizen,0.006860018725297271,1.0068836025514059
Partner_Yes,-0.1056329797010797,0.8997548157645329
gender_Male,-0.16717470568420106,0.8460517883682513
PaymentMethod_Mailed Check,-0.4007325399212296,0.6698291896498169
Dependents_Yes,-0.46605343673325106,0.6274737530038927
MultipleLines_Yes,-0.50413679226192,0.6040267510187636
TenureGroup_1-2 years,-0.6020195163071775,0.5477044204417084
DeviceProtection_Yes,-0.8554275761951449,0.4251013889834667
StreamingMovies_Yes,-0.9971086498390566,0.36894464865470916
Contract_One year,-1.0359904343625155,0.3548747266847796
StreamingTV_Yes,-1.0664591381372668,0.3442252160062239
TenureGroup_2-4 years,-1.0705005518036903,0.34283686685021636
OnlineBackup_Yes,-1.0935326943315633,0.33503083911593706
TechSupport_Yes,-1.2103546415367892,0.29809154503845575
OnlineSecurity_Yes,-1.3361257441071912,0.2628620933783457
TenureGroup_4-5 years,-1.5697546945962952,0.20809622322451174
TenureGroup_5+ years,-1.9441630261740679,0.1431069499985208
Contract_Two year,-1.9769513872012923,0.1384907992178781
InternetService_Fiber optic,-2.4173407932560598,0.0891583931023822
PhoneService_Yes,-2.9544033017618334,0.05210974509409375
TotalCharges_log,-3.082440634390838,0.04584722367806233
